Open_time,Open,High,Low,Close,Volume,Close_time,Quote_asset_volume,Number_of_trades,Taker_buy_base_asset_volume,Taker_buy_quote_asset_volume,Ignore,label,Signals,TP/SP_values,Profit_per_Coin,Profit/Loss_Investment,Profit/Loss_Investment_and_fees
2024-04-12 04:00:00,71530.10,71930.00,71521.00,71927.7,60.511,1712895299999,4338215.71360,242,28.776,2068376.95910,0,0,2.0,69999.8,1927.8999999999942,13.401651936597405,13.396291275822767
2024-04-12 06:00:00,71896.30,71900.00,71550.60,71550.8,55.61,1712902499999,3990719.42160,200,33.180,2385524.13390,0,2,2.0,69999.8,1551.0,10.838453238817735,10.834117857522207
2024-04-12 08:00:00,71899.60,71899.90,71551.20,71899.9,33.407,1712909699999,2397498.99560,172,17.248,1239649.26410,0,2,2.0,69999.8,1900.0999999999913,13.213509337286919,13.208223933552004
2024-04-12 08:15:00,71899.90,71899.90,71551.50,71888.0,40.447,1712910599999,2901726.26000,211,19.507,1401642.46550,0,2,2.0,69999.8,1888.199999999997,13.132929000667684,13.127675829067416
2024-04-12 08:30:00,71551.70,71888.00,71551.50,71887.0,18.67,1712911499999,1338466.66640,211,6.911,496809.23230,0,2,2.0,69999.8,1887.199999999997,13.126156328682496,13.120905866151023
2024-04-12 08:45:00,71555.00,71899.80,71555.00,71555.0,44.126,1712912399999,3167231.30580,216,26.463,1902412.03690,0,2,2.0,69999.8,1555.199999999997,10.867165117741576,10.86281825169448
2024-04-12 09:15:00,71899.00,71899.90,71555.20,71562.0,43.882,1712914199999,3146123.07790,367,19.433,1395191.32450,0,2,2.0,69999.8,1562.199999999997,10.915010759900486,10.910644755596525
2024-04-12 13:00:00,71899.70,71899.70,71560.00,71899.0,229.087,1712927699999,16407268.42210,514,32.719,2350689.21870,0,2,2.0,69999.8,1899.199999999997,13.207415958497316,13.202132992113917
2024-04-12 13:30:00,71561.00,71761.40,70800.00,70800.1,2605.628,1712929499999,186065663.87400,537,43.139,3076539.03300,0,2,1.0,69999.8,-800.3000000000029,-5.651828175383953,-5.654088906654106
2024-04-12 15:15:00,70115.40,70799.80,69489.60,70159.6,54.92,1712935799999,3867503.79990,910,28.970,2043617.10110,0,2,2.0,67815.3,2344.300000000003,16.706908249191862,16.700225485892187
2024-04-12 16:00:00,70349.80,70699.00,69801.00,70349.8,159.961,1712938499999,11216844.67460,772,56.626,3994761.90670,0,2,2.0,67815.3,2534.5,18.01355512027042,18.006349698222312
2024-04-12 18:30:00,68313.00,69300.00,66800.00,67790.4,5134.553,1712947499999,347038673.22440,3938,348.571,23952629.43210,0,1,2.0,68689.8,-899.4000000000087,-6.633682645330377,-6.636336118388509
2024-04-12 22:00:00,69279.60,69657.00,68300.10,69250.0,48.39,1712960099999,3339701.35130,607,23.328,1616792.71500,0,2,2.0,67690.8,1559.199999999997,11.257761732851964,11.253258628158823
2024-04-12 23:30:00,69000.10,69409.80,68801.80,69322.1,106.575,1712965499999,7365046.45220,1163,62.447,4324518.23370,0,2,2.0,67690.8,1631.300000000003,11.766089025000706,11.761382589390706
2024-04-12 23:45:00,69305.90,69392.00,68802.00,69321.0,83.311,1712966399999,5754836.25760,862,56.321,3892933.70820,0,2,2.0,67690.8,1630.199999999997,11.758341628078051,11.753638291426821
2024-04-13 02:00:00,68287.20,69300.00,67500.00,68865.2,77.564,1712974499999,5328109.62440,1009,44.374,3065220.89950,0,0,2.0,64923.9,3941.2999999999956,28.61604990619352,28.604603486231042
2024-04-13 02:15:00,68865.20,69299.90,67845.00,68280.8,96.002,1712975399999,6565575.03460,432,48.197,3308536.69150,0,0,2.0,69184.7,-903.8999999999942,-6.6189909901465285,-6.621638586542587
2024-04-13 10:45:00,68295.20,68850.00,68200.00,68830.0,29.789,1713005999999,2039111.71310,336,15.119,1037897.32000,0,2,2.0,64923.9,3906.0999999999985,28.37498183931424,28.363631846578514
2024-04-13 11:00:00,68200.10,68850.00,68200.00,68800.0,59.694,1713006899999,4089298.67630,536,26.061,1792812.83760,0,2,2.0,64923.9,3876.0999999999985,28.169331395348827,28.15806366279069
2024-04-13 11:45:00,68287.20,68900.00,68000.00,68500.0,98.51,1713009599999,6748805.45120,368,51.049,3514905.19350,0,2,2.0,64923.9,3576.0999999999985,26.102919708029187,26.092478540145976
2024-04-13 12:00:00,68500.00,68849.90,67990.00,67990.0,108.646,1713010499999,7412841.93970,595,51.028,3491847.23680,0,2,2.0,68799.8,-809.8000000000029,-5.955287542285651,-5.957669657302565
2024-04-13 14:00:00,68309.30,68600.00,68097.00,68197.2,45.894,1713017699999,3137021.84000,367,20.116,1379681.01490,0,2,2.0,64923.9,3273.2999999999956,23.998785873906815,23.98918635955725
2024-04-13 15:00:00,68433.80,68600.00,68097.00,68600.0,140.124,1713021299999,9582756.62220,711,72.059,4941973.03450,0,2,2.0,64923.9,3676.0999999999985,26.793731778425645,26.783014285714273
2024-04-13 15:15:00,68100.20,68720.00,68100.00,68600.0,236.943,1713022199999,16246689.19060,622,188.789,12952596.69100,0,2,2.0,64923.9,3676.0999999999985,26.793731778425645,26.783014285714273
2024-04-13 16:15:00,68610.20,68729.00,68600.00,68728.7,71.42,1713025799999,4902778.18680,456,24.134,1658565.63760,0,2,2.0,64923.9,3804.7999999999956,27.679848447591734,27.668776508212698
2024-04-13 17:30:00,68725.90,68726.00,68003.60,68003.6,603.432,1713030299999,41165853.31450,967,88.500,6063281.98480,0,2,2.0,64923.9,3079.7000000000044,22.643654159485706,22.634596697821912
2024-04-13 18:15:00,67945.00,68100.00,67927.80,68047.1,179.493,1713032999999,12200861.71610,533,133.676,9087507.41940,0,2,2.0,64923.9,3123.2000000000044,22.948810456286925,22.93963093210441
2024-04-13 18:30:00,67968.10,68726.60,67697.90,68295.0,283.254,1713033899999,19392312.40170,1097,236.583,16222250.31760,0,2,2.0,64923.9,3371.0999999999985,24.680430485394233,24.670558313200075
2024-04-13 18:45:00,68295.00,68726.60,67697.90,68286.8,80.865,1713034799999,5525916.43300,849,45.639,3130904.93540,0,2,2.0,64923.9,3362.9000000000015,24.62335326886017,24.613503927552628
2024-04-13 19:15:00,68300.00,68725.00,67800.00,68250.0,58.142,1713036599999,3960970.57780,796,27.137,1852919.46040,0,2,2.0,64923.9,3326.0999999999985,24.367032967032955,24.357286153846143
2024-04-13 20:00:00,67500.20,68248.90,59500.00,64923.9,11201.971,1713039299999,690290577.25290,250634,236.752,15482339.05410,0,1,2.0,67142.7,-2218.7999999999956,-17.087698058804197,-17.094533138027717
2024-04-13 21:30:00,66746.60,66866.10,65923.10,66522.1,67.758,1713044699999,4515271.30160,1129,47.964,3198550.91520,0,2,2.0,67190.4,-668.2999999999884,-5.023142684912145,-5.02515194198611
2024-04-13 22:15:00,66751.90,66752.00,65800.20,66642.1,74.778,1713047399999,4947936.20120,708,42.003,2787054.46610,0,2,2.0,65115.3,1526.800000000003,11.45522124903029,11.450639160530677
2024-04-13 23:00:00,66749.00,66750.80,65800.00,66718.4,1206.059,1713050099999,79571553.40930,600,354.104,23420888.31460,0,2,1.0,65611.4,-1107.0,-8.296062255689586,-8.299380680591861
2024-04-14 00:30:00,66220.00,67399.00,66217.00,66829.6,69.752,1713055499999,4671860.81960,524,43.568,2928720.19880,0,2,2.0,65115.3,1714.300000000003,12.8259034918659,12.820773130469153
2024-04-14 02:30:00,66455.70,66948.00,66304.00,66320.0,120.703,1713062699999,8051795.85460,1279,72.630,4860884.20640,0,0,2.0,64300.0,2020.0,15.2291917973462,15.223100120627262
2024-04-14 03:00:00,66591.30,66950.00,66087.00,66455.8,350.75,1713064499999,23400241.76980,930,246.183,16472702.75540,0,2,1.0,65611.4,-844.4000000000087,-6.353094838975745,-6.355636076911336
2024-04-14 03:15:00,66224.60,66950.00,66081.30,66886.6,72.453,1713065399999,4819435.52140,950,45.541,3035033.02950,0,2,1.0,65611.4,-1275.2000000000116,-9.53255211058726,-9.536365131431495
2024-04-14 08:00:00,66676.80,66949.90,66620.00,66686.2,54.84,1713082499999,3665042.00890,295,38.549,2578220.23090,0,2,2.0,64300.0,2386.199999999997,17.891257861446576,17.884101358301997
2024-04-14 08:45:00,66609.30,66930.00,66609.10,66609.1,87.301,1713085199999,5815253.33450,135,41.152,2741309.95720,0,2,2.0,64300.0,2309.100000000006,17.33321723308081,17.326283946187576
2024-04-14 09:00:00,66927.90,66950.00,66609.10,66942.0,92.371,1713086099999,6181687.36960,196,58.343,3905548.23710,0,2,2.0,64300.0,2642.0,19.733500642347106,19.725607242090167
2024-04-14 09:15:00,66942.00,66950.00,65900.00,65900.0,1083.856,1713086999999,72112977.40890,335,46.301,3089318.17930,0,2,1.0,64300.0,-1600.0,-12.139605462822459,-12.144461305007589
2024-04-14 09:30:00,65900.10,66600.00,65900.00,66599.0,84.876,1713087899999,5633645.66810,319,50.467,3359958.20610,0,2,2.0,64300.0,2299.0,17.26001891920299,17.25311491163531
2024-04-14 10:00:00,66695.00,66950.00,66000.70,66332.6,233.294,1713089699999,15572180.64140,256,199.823,13358507.74310,0,2,2.0,64300.0,2032.6000000000058,15.32127490856687,15.315146398603444
2024-04-14 11:30:00,66110.20,66499.80,66110.00,66112.0,73.713,1713095099999,4881407.32150,365,25.984,1725668.58280,0,2,2.0,66800.0,-688.0,-5.203291384317522,-5.205372700871249
2024-04-14 12:00:00,66699.80,66700.00,66110.00,66499.6,47.251,1713096899999,3135912.48890,220,24.686,1643452.99270,0,2,2.0,64300.0,2199.600000000006,16.538445344032187,16.531829965894573
2024-04-14 12:30:00,66380.20,66950.00,66110.00,66800.0,66.278,1713098699999,4412728.22040,398,43.944,2934041.51660,0,2,2.0,64300.0,2500.0,18.7125748502994,18.70508982035928
2024-04-14 13:45:00,66487.00,66680.80,66100.20,66167.3,80.327,1713103199999,5335779.26650,310,45.829,3054169.18270,0,2,2.0,64300.0,1867.300000000003,14.110444282901092,14.104800105187932
2024-04-14 14:00:00,66167.30,66680.80,66100.10,66677.1,55.329,1713104099999,3675860.70160,274,30.618,2040673.02090,0,2,2.0,64300.0,2377.100000000006,17.82546031546067,17.818330131334488
2024-04-14 14:30:00,66642.90,66677.90,66169.80,66677.8,82.838,1713105899999,5492695.00600,317,45.511,3022124.62450,0,2,2.0,64300.0,2377.800000000003,17.830522302775456,17.823390093854346
2024-04-14 14:45:00,66666.00,66677.80,66168.40,66665.0,116.552,1713106799999,7723808.51020,346,53.667,3561638.81900,0,2,2.0,64300.0,2365.0,17.737943448586215,17.73084827120678
2024-04-14 15:45:00,66646.80,66660.00,66105.00,66168.4,85.526,1713110399999,5686634.53940,255,62.006,4129299.61690,0,2,2.0,64300.0,1868.3999999999942,14.118521832173624,14.112874423440754
2024-04-14 16:15:00,66654.10,66659.00,66100.80,66658.0,132.247,1713112199999,8782395.32500,359,84.144,5600132.92090,0,2,2.0,64300.0,2358.0,17.687299348915356,17.68022442917579
2024-04-14 16:30:00,66658.00,66659.40,66109.00,66111.1,152.028,1713113099999,10093024.54830,421,75.404,5022860.96770,0,2,2.0,64300.0,1811.1000000000058,13.69739726006681,13.691918301162783
2024-04-14 17:15:00,66111.00,66557.00,66109.00,66109.5,189.868,1713115799999,12574873.71640,371,55.567,3695962.63770,0,2,2.0,64300.0,1809.5,13.685627632942316,13.680153381889138
2024-04-14 17:45:00,64298.00,64504.70,63200.00,64504.7,100.289,1713117599999,6415230.02050,571,49.107,3158801.65340,0,0,1.0,63800.0,-704.6999999999971,-5.462392662860203,-5.464577619925347
2024-04-14 18:45:00,64813.00,64949.90,64000.00,64926.9,168.893,1713121199999,10891837.53210,634,83.960,5446454.75450,0,1,1.0,64077.0,-849.9000000000015,-6.545052974961083,-6.547670996151067
2024-04-14 20:15:00,64100.00,65200.00,64003.00,64835.6,175.232,1713126599999,11331548.26040,338,123.751,8026990.63420,0,1,1.0,64186.2,-649.4000000000015,-5.0080511324025805,-5.0100543528555415
2024-04-14 21:00:00,64002.20,65356.10,64000.00,64937.9,1042.416,1713129299999,67292419.42340,491,432.456,28120048.67770,0,1,1.0,67199.9,2261.9999999999927,17.416639589515466,17.40967293367966
2024-04-14 21:15:00,64501.00,65355.00,64501.00,65249.9,114.006,1713130199999,7435422.30970,281,102.143,6665050.64580,0,1,1.0,67199.9,1949.9999999999927,14.942551636094406,14.936574615439968
2024-04-14 23:00:00,65477.70,65480.00,65005.50,65479.5,404.593,1713136499999,26455494.49990,112,324.277,21233604.60450,0,1,1.0,67199.9,1720.3999999999942,13.136935987599129,13.13168121320409
2024-04-14 23:30:00,65009.30,65479.80,65009.10,65475.0,24.672,1713138299999,1613574.77500,139,20.316,1329846.07000,0,1,1.0,67199.9,1724.8999999999942,13.172203130965974,13.166934249713588
2024-04-15 00:30:00,65479.50,65480.00,65150.20,65480.0,269.79,1713141899999,17660027.47420,160,238.767,15634450.99440,0,1,1.0,67199.9,1719.8999999999942,13.133017715332882,13.127764508246749
2024-04-15 01:30:00,65479.80,65479.90,65479.80,65479.9,30.921,1713145499999,2024702.63960,84,17.438,1141838.49620,0,1,1.0,67199.9,1719.9999999999927,13.133801364998973,13.128547844452974
2024-04-15 03:00:00,65155.10,65659.00,65154.90,65326.6,58.47,1713150899999,3826487.86100,244,31.021,2036500.22070,0,1,1.0,67199.9,1873.2999999999956,14.337957279270585,14.332222096358876
2024-04-15 03:15:00,65326.70,65888.00,65154.90,65350.1,721.672,1713151799999,47390710.38330,218,702.210,46121506.28170,0,1,1.0,67199.9,1849.7999999999956,14.153000530986148,14.147339330773754
2024-04-15 07:00:00,66446.90,67130.00,66000.20,66407.6,54.907,1713165299999,3667597.37250,271,14.182,949346.63130,0,0,2.0,64976.1,1431.5000000000073,10.778133828055878,10.773822574524656
2024-04-15 07:45:00,66600.00,66699.90,66350.00,66699.9,41.695,1713167999999,2778582.98690,153,28.201,1880788.69200,0,2,2.0,65350.1,1349.7999999999956,10.118455949709038,10.114408567329153
2024-04-15 08:15:00,66068.20,66700.00,66068.20,66500.0,75.072,1713169799999,4994331.72960,330,48.242,3217528.25140,0,2,2.0,64976.1,1523.9000000000015,11.457894736842116,11.453311578947378
2024-04-15 08:45:00,66445.30,66799.00,66081.00,66798.0,58.641,1713171599999,3903096.63520,362,35.715,2383680.75590,0,2,2.0,65350.1,1447.9000000000015,10.837899338303552,10.833564178568231
2024-04-15 09:00:00,66798.00,66799.00,66068.30,66740.0,295.2,1713172499999,19532485.11610,337,33.088,2207082.92840,0,2,2.0,65350.1,1389.9000000000015,10.41279592448308,10.408630806113287
2024-04-15 09:15:00,66138.20,66742.80,66100.00,66739.5,73.343,1713173399999,4869977.71380,263,42.933,2857647.80650,0,2,2.0,65350.1,1389.4000000000015,10.409128027629825,10.404964376418773
2024-04-15 09:30:00,66448.20,66740.00,66333.10,66333.8,63.714,1713174299999,4243224.21500,203,38.580,2574402.62660,0,2,2.0,64976.1,1357.7000000000044,10.233847601072187,10.229754062031757
2024-04-15 10:15:00,66120.00,66698.90,66002.00,66698.8,59.843,1713176999999,3971322.09140,293,30.484,2029747.80110,0,2,2.0,65350.1,1348.7000000000044,10.11037679838321,10.106332647663857
2024-04-15 10:45:00,66665.90,66699.90,66100.10,66699.0,98.884,1713178799999,6586311.48420,328,70.469,4699856.71290,0,2,2.0,65350.1,1348.9000000000015,10.111845754808929,10.107801016507006
2024-04-15 11:00:00,66300.60,66699.90,66100.10,66105.7,98.974,1713179699999,6555984.95650,244,29.634,1971288.94660,0,2,2.0,63560.3,2545.399999999994,19.252500162618308,19.24479916255326
2024-04-15 11:45:00,66699.80,66699.80,66100.00,66120.8,40.458,1713182399999,2688311.67060,218,26.806,1785305.69800,0,2,2.0,63560.3,2560.5,19.362288417563004,19.35454350219598
2024-04-15 12:30:00,66697.70,66698.00,66100.10,66698.0,39.269,1713185099999,2608428.08620,237,20.235,1349568.89330,0,2,2.0,65350.1,1347.9000000000015,10.104500884584256,10.100459084230422
2024-04-15 14:45:00,65729.70,65729.70,65350.10,65350.1,402.824,1713193199999,26430234.68130,333,262.219,17234840.93020,0,2,2.0,66353.8,-1003.7000000000044,-7.679406764488535,-7.6824785271943306
2024-04-15 15:15:00,65399.70,65729.70,65399.70,65729.7,87.594,1713194999999,5742191.51330,226,48.953,3213626.37540,0,2,2.0,63560.3,2169.399999999994,16.502433450936138,16.495832477555762
2024-04-15 16:30:00,66140.00,66356.00,65350.00,65443.5,874.544,1713199499999,57376781.01470,560,45.544,3016127.80210,0,2,2.0,66353.8,-910.3000000000029,-6.954854187199667,-6.957636128874547
2024-04-15 17:30:00,65999.70,66353.60,65350.10,65699.4,67.238,1713203099999,4425620.38130,437,31.852,2109785.28980,0,2,2.0,63560.3,2139.0999999999913,16.27944851855566,16.27293673914824
2024-04-15 18:00:00,64976.10,64976.10,63560.20,63560.3,802.883,1713204899999,51348850.55620,287,85.876,5499417.20950,0,1,2.0,64385.4,-825.0999999999985,-6.490686796632477,-6.493283071351129
2024-04-15 18:15:00,63560.20,63880.00,63100.00,63502.8,1358.225,1713205799999,85944694.74300,335,235.513,14884250.89590,0,1,1.0,62857.1,-645.7000000000044,-5.084027790900593,-5.086061402016953
2024-04-15 18:45:00,63492.30,64125.50,63492.00,63492.0,139.729,1713207599999,8904641.87420,278,72.875,4656568.09390,0,1,1.0,62857.0,-635.0,-5.000630000630001,-5.002630252630253
2024-04-15 21:15:00,63458.70,63458.70,62404.50,63071.4,84.488,1713216599999,5341857.22200,295,54.762,3474184.82650,0,1,2.0,63953.6,-882.1999999999971,-6.993661152281359,-6.996458616742272
2024-04-15 21:30:00,63399.90,63399.90,62404.50,62500.0,338.23,1713217499999,21183980.32890,120,24.825,1567821.53040,0,1,1.0,63953.6,1453.5999999999985,11.62879999999999,11.62414847999999
2024-04-15 22:15:00,64385.40,65533.30,62800.00,64385.4,90.151,1713220199999,5880820.62130,441,81.323,5314992.63730,0,2,1.0,62743.0,-1642.4000000000015,-12.754444330546997,-12.759546108279215
2024-04-15 23:30:00,64385.20,65367.00,63707.70,64400.0,81.448,1713224699999,5247143.19210,798,22.448,1461040.63090,0,2,1.0,63750.1,-649.9000000000015,-5.0458074534161605,-5.047825776397527
2024-04-16 00:30:00,65358.70,65358.70,63800.00,64014.6,370.148,1713228299999,24126740.15310,182,13.575,883648.77840,0,2,2.0,64800.0,-785.4000000000015,-6.134538058505415,-6.136991873728817
2024-04-16 01:15:00,63858.40,63858.40,63750.10,63750.1,106.696,1713230999999,6804692.63750,67,25.967,1658160.56920,0,2,2.0,64400.0,-649.9000000000015,-5.0972469062793735,-5.099285805041886
2024-04-16 01:30:00,63800.00,64400.00,63750.10,63858.2,138.643,1713231899999,8855667.03310,184,118.276,7556551.12350,0,2,2.0,65000.0,-1141.800000000003,-8.940120454381763,-8.943696502563515
2024-04-16 02:15:00,63790.00,64399.80,63790.00,63974.3,60.487,1713234599999,3874596.64230,189,24.200,1558125.89660,0,2,2.0,65000.0,-1025.699999999997,-8.016500375932187,-8.01970697608256
2024-04-16 04:30:00,62517.20,63500.00,62233.30,63217.5,139.652,1713242699999,8754632.87780,487,26.878,1704408.60860,0,0,1.0,62400.0,-817.5,-6.465772926800333,-6.468359235971053
2024-04-16 09:15:00,63351.70,64667.00,63351.70,64089.8,170.507,1713259799999,10899414.94170,1038,109.052,6994602.52400,0,2,2.0,62650.0,1439.800000000003,11.232676650574684,11.228183579914454
2024-04-16 10:00:00,63799.20,64667.00,63362.00,63724.1,57.907,1713262499999,3716386.86920,643,29.595,1909268.96830,0,2,2.0,62083.1,1641.0,12.875819352489875,12.87066902474888
2024-04-16 10:15:00,63362.20,64667.00,62163.90,63638.1,1050.915,1713263399999,66426028.67520,1428,185.853,11908757.81280,0,2,1.0,62841.2,-796.9000000000015,-6.261186301916631,-6.2636907764373975
2024-04-16 10:45:00,63267.60,63989.80,62641.20,62841.2,77.296,1713265199999,4889808.18900,832,34.433,2196378.30750,0,0,2.0,63980.0,-1138.800000000003,-9.060934546125814,-9.064558919944265
2024-04-16 11:00:00,63267.60,63989.80,62641.20,63311.5,86.444,1713266099999,5470400.63600,611,47.195,3004583.54940,0,2,2.0,63980.0,-668.5,-5.279451600420145,-5.281563381060312
2024-04-16 11:15:00,63580.00,63980.00,62650.40,63980.0,91.848,1713266999999,5810564.20340,699,40.803,2602391.59770,0,2,2.0,62650.0,1330.0,10.393873085339168,10.389715536105033
2024-04-16 11:30:00,63580.80,63980.00,62641.20,62650.0,98.985,1713267899999,6265043.16730,975,47.475,3030692.77520,0,0,2.0,63750.0,-1100.0,-8.778930566640064,-8.78244213886672
2024-04-16 12:00:00,63722.00,63900.00,63000.00,63825.1,95.341,1713269699999,6083108.01650,275,51.586,3295217.44850,0,2,2.0,62083.1,1742.0,13.646668787044595,13.641210119529777
2024-04-16 12:30:00,63174.30,63899.60,63098.40,63265.1,68.204,1713271499999,4328050.70160,532,34.867,2221199.27280,0,0,2.0,63900.0,-634.9000000000015,-5.017774412748905,-5.019781522514005
2024-04-16 12:45:00,63272.00,63899.60,63015.90,63580.8,167.545,1713272399999,10640946.55000,428,92.938,5923502.37460,0,2,2.0,62083.1,1497.7000000000044,11.77792666968648,11.773215499018605
2024-04-16 13:15:00,63200.00,63580.60,62500.40,62759.2,96.577,1713274199999,6085824.57480,558,55.583,3507594.35180,0,0,2.0,63497.7,-738.5,-5.883599536004284,-5.885952975818686
2024-04-16 15:00:00,63267.50,63580.50,62300.00,63267.6,458.034,1713280499999,28835941.50670,496,228.311,14510290.04040,0,2,1.0,62083.1,-1184.5,-9.361031554855881,-9.364775967477824
2024-04-16 15:15:00,63267.60,63580.40,62437.90,62871.3,102.06,1713281399999,6468144.04530,402,83.650,5310268.83130,0,0,2.0,63642.2,-770.8999999999942,-6.130778272439047,-6.1332305837480225
2024-04-16 16:30:00,62104.00,62641.20,61950.00,62000.2,313.507,1713285899999,19586307.03740,268,222.250,13913298.88070,0,1,1.0,63297.0,1296.800000000003,10.458030780545892,10.453847568233673
2024-04-16 17:30:00,63140.00,63140.00,62000.10,62000.1,981.61,1713289499999,60940032.44660,583,50.742,3188353.54160,0,1,1.0,63297.0,1296.9000000000015,10.458854098622433,10.454670556982984
2024-04-16 18:00:00,62400.00,62800.00,62000.20,62775.6,137.097,1713291299999,8566472.13910,1416,66.185,4144839.24090,0,0,1.0,62100.0,-675.5999999999985,-5.381071626555529,-5.383224055206151
2024-04-16 23:15:00,63182.50,63650.00,62752.90,63650.0,91.604,1713310199999,5787303.00460,198,35.935,2284608.49790,0,0,1.0,62865.6,-784.4000000000015,-6.161822466614308,-6.164287195600954
2024-04-17 01:15:00,63182.70,63900.00,63032.30,63500.0,340.611,1713317399999,21694688.87390,259,330.392,21048499.38870,0,0,1.0,62617.7,-882.3000000000029,-6.9472440944882115,-6.950022992126007
2024-04-17 02:15:00,63358.00,63900.00,63094.00,63900.0,79.464,1713320999999,5056939.66660,271,34.991,2229968.48120,0,0,1.0,63101.1,-798.9000000000015,-6.2511737089201995,-6.2536741784037675
2024-04-17 02:45:00,63392.20,63900.00,63100.00,63899.9,80.703,1713322799999,5148924.26230,216,66.819,4268826.33740,0,0,1.0,63101.1,-798.8000000000029,-6.250401017841991,-6.252901178249128
2024-04-17 05:00:00,63499.80,63900.00,63101.10,63898.0,83.112,1713330899999,5281476.81420,376,48.489,3094313.25080,0,2,1.0,63182.5,-715.5,-5.598766784562897,-5.601006291276722
2024-04-17 05:15:00,63817.30,64600.00,63110.00,64600.0,626.086,1713331799999,40155112.07700,451,456.783,29308030.21470,0,2,2.0,63182.5,1417.5,10.971362229102168,10.966973684210526
2024-04-17 07:15:00,64130.00,64680.00,64000.00,64639.5,56.511,1713338999999,3648225.42700,163,15.734,1017334.38920,0,2,2.0,63182.5,1457.0,11.270198562798289,11.26569048337317
2024-04-17 07:30:00,64639.50,64679.90,63999.90,64000.0,220.777,1713339899999,14218759.37710,245,65.717,4235424.01330,0,2,2.0,62617.7,1382.300000000003,10.799218750000023,10.794899062500022
2024-04-17 08:15:00,64064.10,64100.00,63827.10,64098.8,41.361,1713342599999,2646309.88380,226,18.305,1172860.52710,0,2,2.0,62617.7,1481.1000000000058,11.553258407333724,11.54863710397079
2024-04-17 08:30:00,64098.70,64098.80,63827.00,64098.8,30.388,1713343499999,1943538.70430,241,12.950,829949.99800,0,2,2.0,62617.7,1481.1000000000058,11.553258407333724,11.54863710397079
2024-04-17 09:00:00,63800.00,63800.00,63500.00,63754.1,53.774,1713345299999,3423793.56650,253,31.761,2025077.40240,0,2,2.0,62050.0,1704.0999999999985,13.364630666890433,13.359284814623676
2024-04-17 09:15:00,63800.00,63800.00,62620.00,63455.0,54.61,1713346199999,3464912.89840,407,25.072,1593769.94650,0,2,2.0,62050.0,1405.0,11.070837601449846,11.066409266409266
2024-04-17 10:30:00,63221.20,63998.00,63200.00,63499.8,84.383,1713350699999,5370524.67750,304,37.904,2420599.14360,0,2,2.0,62050.0,1449.800000000003,11.41578398672124,11.41121767312655
2024-04-17 11:30:00,63182.70,63856.00,63100.00,63800.0,197.993,1713354299999,12547765.81170,519,67.405,4298775.62890,0,2,2.0,62050.0,1750.0,13.714733542319747,13.709247648902819
2024-04-17 19:15:00,61805.20,62000.00,61800.00,61800.0,71.062,1713382199999,4398842.53780,1159,36.543,2265110.81780,0,0,1.0,60970.1,-829.9000000000015,-6.714401294498393,-6.717087055016193
2024-04-17 20:30:00,61684.80,61685.00,61504.80,61580.0,11.261,1713386699999,693692.58650,91,7.468,460167.62730,0,1,1.0,62998.0,1418.0,11.513478402078597,11.508873010717766
2024-04-18 00:30:00,62386.20,62420.00,61581.00,61842.9,29.47,1713401099999,1827335.26690,172,21.694,1344352.66710,0,0,2.0,62599.7,-756.7999999999956,-6.118729878450037,-6.121177370401417
2024-04-18 02:15:00,61791.20,62379.80,61575.00,61825.5,42.228,1713407399999,2616681.20130,275,23.564,1467190.12070,0,0,2.0,62599.7,-774.1999999999971,-6.261170552603675,-6.263675020824716
2024-04-18 05:00:00,62386.50,62998.00,62130.30,62130.3,34.743,1713417299999,2172559.56250,235,15.490,975353.13740,0,0,2.0,62998.0,-867.6999999999971,-6.982905281320042,-6.98569844343257
2024-04-18 06:00:00,62386.50,62998.00,61001.00,61666.6,2009.269,1713420899999,123574599.14480,376,491.800,30218855.51620,0,1,1.0,60970.1,-696.5,-5.647303402490166,-5.649562323851161
2024-04-18 06:30:00,61759.30,61987.90,61197.00,61864.3,134.951,1713422699999,8330867.72600,391,82.996,5142904.26660,0,1,1.0,60970.1,-894.2000000000044,-7.227108364598035,-7.229999207943874
2024-04-18 06:45:00,61937.50,61987.90,61366.00,61500.0,68.797,1713423599999,4244877.71450,320,32.366,2005518.55220,0,1,1.0,62942.4,1442.4000000000015,11.726829268292695,11.722138536585378
2024-04-18 07:45:00,60970.10,61445.80,60801.00,61430.7,61.093,1713427199999,3739676.69150,444,31.432,1929054.32050,0,1,1.0,62942.4,1511.7000000000044,12.304108532053228,12.299186888640406
2024-04-18 08:00:00,61440.50,61440.70,61000.00,61440.4,102.872,1713428099999,6288111.27980,325,34.159,2095752.57860,0,1,1.0,62942.4,1502.0,12.223227713361242,12.218338422275897
2024-04-18 08:15:00,61001.40,61440.70,61000.20,61440.7,39.291,1713428999999,2409352.97210,290,26.633,1636140.00400,0,1,1.0,62942.4,1501.7000000000044,12.220726651877374,12.215838361216623
2024-04-18 08:45:00,61607.90,61668.10,61200.00,61664.6,82.425,1713430799999,5076416.04830,279,55.925,3448534.99550,0,1,1.0,62942.4,1277.800000000003,10.360887770292866,10.356743415184749
2024-04-18 09:00:00,61664.00,61664.00,61100.10,61270.1,117.769,1713431699999,7225903.00600,338,57.658,3547278.28780,0,1,1.0,62942.4,1672.300000000003,13.646950143707967,13.641491363650484
2024-04-18 10:30:00,61582.70,61612.00,61100.90,61413.8,96.362,1713437099999,5917760.24820,267,52.188,3215003.66080,0,1,1.0,62942.4,1528.5999999999985,12.445085632219456,12.440107597966568
2024-04-18 11:00:00,61107.90,61620.00,61103.00,61497.0,81.638,1713438899999,5011534.35770,197,42.909,2641751.48670,0,1,1.0,62942.4,1445.4000000000015,11.751792770379053,11.747092053270901
2024-04-18 11:45:00,61600.00,61800.00,61333.00,61600.2,97.955,1713441599999,6037856.19050,288,48.158,2973699.34970,0,1,1.0,62942.4,1342.2000000000044,10.894445147905401,10.890087369846238
2024-04-18 12:00:00,61600.00,61800.00,61333.00,61800.0,112.746,1713442499999,6955866.25080,259,62.314,3849997.39750,0,1,1.0,61153.6,-646.4000000000015,-5.229773462783183,-5.231865372168296
2024-04-18 12:30:00,61780.00,61800.00,61120.00,61800.0,75.848,1713444299999,4668978.79890,395,39.121,2416091.59020,0,1,1.0,61153.6,-646.4000000000015,-5.229773462783183,-5.231865372168296
2024-04-18 12:45:00,61359.80,61800.00,61103.00,61245.0,39.191,1713445199999,2405894.74990,253,14.881,917112.07300,0,1,1.0,62942.4,1697.4000000000015,13.857457751653207,13.851914768552547
2024-04-18 14:00:00,61360.00,61877.00,61103.40,61876.6,221.575,1713449699999,13663384.15310,622,146.960,9088198.11390,0,1,1.0,63891.2,2014.5999999999985,16.279175003151423,16.272663333150163
2024-04-18 14:45:00,63048.90,64288.60,62204.00,63891.2,874.384,1713452399999,55777879.33500,617,803.652,51286934.71400,0,1,1.0,65258.8,1367.6000000000058,10.70256936792552,10.69828834017835
2024-04-18 15:00:00,64100.00,65258.80,62202.40,65258.8,658.171,1713453299999,42489936.35670,994,488.794,31602642.62180,0,2,1.0,63953.6,-1305.2000000000044,-10.00018388324643,-10.004183956799729
2024-04-18 15:15:00,65258.80,65258.80,63028.00,63953.6,173.884,1713454199999,11171790.35470,564,71.306,4615352.54620,0,1,1.0,63310.2,-643.4000000000015,-5.030209401816328,-5.032221485577055
2024-04-18 17:30:00,63009.20,63503.60,62650.00,63250.4,44.359,1713462299999,2804240.52800,400,18.297,1161405.43080,0,1,1.0,66997.9,3747.4999999999927,29.624318581384408,29.612468853951853
2024-04-18 18:30:00,62850.00,63503.60,62202.10,63503.4,107.695,1713465899999,6757037.29670,617,43.522,2747462.21140,0,1,1.0,66997.9,3494.4999999999927,27.51427482622972,27.50326911629923
2024-04-18 18:45:00,63503.40,63503.60,62203.30,63109.0,104.136,1713466799999,6556590.77070,742,53.003,3354665.48290,0,1,1.0,64474.7,1365.699999999997,10.820168280276958,10.815840212964847
2024-04-18 19:15:00,62807.40,63999.00,62401.10,63000.0,1100.135,1713468599999,69835747.72230,431,1077.699,68431420.99730,0,1,1.0,64474.7,1474.699999999997,11.703968253968231,11.699286666666644
2024-04-18 19:45:00,64899.50,67000.00,63411.50,66997.9,3163.944,1713470399999,206013835.91380,384,1990.735,129827359.33020,0,2,1.0,65261.7,-1736.199999999997,-12.957122536676502,-12.962305385691174
2024-04-18 21:15:00,64933.70,64999.90,64000.00,64000.1,189.03,1713475799999,12129984.36310,410,35.100,2269766.37710,0,2,2.0,64825.8,-825.7000000000044,-6.45077117067008,-6.453351479138348
2024-04-19 01:15:00,64001.10,64799.00,64001.10,64600.1,46.877,1713490199999,3011738.77930,271,10.332,669126.18690,0,2,2.0,63129.8,1470.2999999999956,11.380013343632562,11.375461338295109
2024-04-19 01:30:00,64600.00,64798.90,63777.20,63777.2,913.052,1713491099999,58465784.36950,377,34.302,2206291.41850,0,2,2.0,60485.7,3291.5,25.804676279297304,25.794354408785587
2024-04-19 01:45:00,63777.20,63999.90,63000.00,63129.8,1588.118,1713491999999,100956272.01090,337,22.704,1451955.39160,0,2,1.0,60485.7,-2644.100000000006,-20.941773932437656,-20.95015064201063
2024-04-19 02:30:00,59950.20,62700.00,59299.00,61196.1,2471.046,1713494699999,148173050.34490,847,518.691,31088833.68300,0,1,1.0,60464.8,-731.2999999999956,-5.975053965857266,-5.977443987443609
2024-04-19 03:15:00,60988.20,62920.20,60988.00,61930.0,318.163,1713497399999,19620328.90960,282,247.290,15274531.34010,0,1,1.0,61010.0,-920.0,-7.427740997900856,-7.4307120943000164
2024-04-19 03:30:00,61930.00,62900.00,61500.00,62750.0,148.321,1713498299999,9198067.35410,360,85.150,5303478.01110,0,2,2.0,61010.0,1740.0,13.864541832669323,13.858996015936254
2024-04-19 04:00:00,61920.10,62600.00,61500.10,62300.0,247.611,1713500099999,15349098.78930,194,201.221,12474777.27160,0,2,1.0,61658.3,-641.6999999999971,-5.1500802568218065,-5.152140288924535
2024-04-19 05:00:00,62800.00,62830.00,61948.00,62000.5,250.91,1713503699999,15608957.82670,233,36.845,2307769.03230,0,1,1.0,61010.0,-990.5,-7.987838807751551,-7.991033943274652
2024-04-19 05:45:00,62349.90,62349.90,61500.00,62290.0,46.594,1713506399999,2882373.59900,271,20.375,1267228.71650,0,2,2.0,61010.0,1280.0,10.274522395248034,10.270412586289936
2024-04-19 12:00:00,64280.50,65100.00,64280.50,64800.0,1424.641,1713528899999,92309393.85890,409,1345.626,87197341.19950,0,0,1.0,63780.0,-1020.0,-7.87037037037037,-7.873518518518519
2024-04-19 16:15:00,64500.00,64604.10,64317.50,64318.7,2478.269,1713544199999,159823454.03510,507,2301.834,148471043.13790,0,0,1.0,63609.1,-709.5999999999985,-5.516280646219517,-5.518487158478005
2024-04-20 03:15:00,64625.20,64999.80,64625.20,64625.3,35.504,1713583799999,2302604.40090,97,23.141,1503436.13670,0,0,2.0,65350.0,-724.6999999999971,-5.6069372211811555,-5.609179996069628
2024-04-20 03:45:00,64999.60,64999.80,64625.10,64675.0,49.009,1713585599999,3178624.06680,122,28.358,1842951.96190,0,0,2.0,65350.0,-675.0,-5.2183996907615,-5.2204870506378045
2024-04-20 04:00:00,64999.80,64999.80,64625.10,64965.8,11.963,1713586499999,775315.21660,73,6.354,412668.46300,0,2,2.0,63609.1,1356.7000000000044,10.44164775928261,10.437471100178897
2024-04-20 07:45:00,64900.00,64915.10,64327.00,64674.6,47.251,1713599999999,3052798.47680,161,23.818,1543656.56160,0,0,2.0,65350.0,-675.4000000000015,-5.22152436969074,-5.223612979438617
2024-04-20 08:15:00,64894.80,64915.10,64326.00,64914.9,80.707,1713601799999,5218279.05070,205,44.403,2882292.19290,0,2,2.0,63609.1,1305.800000000003,10.05778334403968,10.053760230702064
2024-04-20 19:00:00,64751.40,64900.00,64500.30,64900.0,677.668,1713640499999,43909467.99720,190,644.788,41782234.47300,0,0,1.0,66250.0,1350.0,10.400616332819723,10.396456086286594
2024-04-21 20:15:00,64999.90,64999.90,64480.00,64680.0,19.517,1713731399999,1264977.23130,159,10.578,687423.39140,0,1,1.0,65998.9,1318.8999999999942,10.195578231292473,10.191499999999955
